experiment,learning_rate,seed,cumulative_model_error,maximum_model_error,proposal_mismatch_steps,final_model_error
H1a-noise,0.05,41000,19.718222079,1.540171248,20,0.577306625
H1a-noise,0.2,41000,6.434622622,1.317256247,8,0.009188033
H1a-noise,0.5,41000,2.030910722,0.855268012,2,0.000336051
H1a-noise,0.8,41000,1.450175095,0.404407775,1,0.026683025
H1a-noise,0.05,41001,19.54699894,1.518558254,20,0.581699889
H1a-noise,0.2,41001,6.452852735,1.269667751,7,0.030904442
H1a-noise,0.5,41001,1.924466324,0.74391744,2,0.010437059
H1a-noise,0.8,41001,1.263857106,0.204689754,0,0.019625044
H1a-noise,0.05,41002,19.668952365,1.528586041,20,0.595037735
H1a-noise,0.2,41002,6.708730517,1.317520952,7,0.070455691
H1a-noise,0.5,41002,2.46776438,0.884971565,2,0.055344036
H1a-noise,0.8,41002,1.618869538,0.422351829,1,0.028160831
H1a-noise,0.05,41003,19.659865762,1.516947167,20,0.598543851
H1a-noise,0.2,41003,6.813791751,1.274113637,6,0.062508003
H1a-noise,0.5,41003,2.389570749,0.77020489,2,0.04382153
H1a-noise,0.8,41003,1.593837956,0.237109873,0,0.065262174
H1a-noise,0.05,41004,19.520910287,1.49981919,20,0.587314364
H1a-noise,0.2,41004,6.674494434,1.231926457,7,0.042159316
H1a-noise,0.5,41004,2.604487138,0.771040237,2,0.006277672
H1a-noise,0.8,41004,1.976861869,0.344258357,1,0.023089878
H1a-noise,0.05,41005,19.505666726,1.513670692,20,0.583238701
H1a-noise,0.2,41005,6.422385388,1.254241619,7,0.040652729
H1a-noise,0.5,41005,1.922459075,0.743126357,2,0.035271231
H1a-noise,0.8,41005,1.337203252,0.241905119,0,0.042182912
H1a-noise,0.05,41006,19.511896597,1.514825575,20,0.576761203
H1a-noise,0.2,41006,6.59449079,1.295499609,7,0.014213802
H1a-noise,0.5,41006,2.195966331,0.871934749,2,0.04654821
H1a-noise,0.8,41006,1.451038697,0.438564107,1,0.100523712
H1a-noise,0.05,41007,19.788128698,1.530012932,20,0.589545612
H1a-noise,0.2,41007,6.869132762,1.320529595,7,0.030687972
H1a-noise,0.5,41007,2.415000262,0.900356984,2,0.003157307
H1a-noise,0.8,41007,1.497649588,0.468773969,1,0.019680517
H1a-noise,0.05,41008,19.602532719,1.521093887,20,0.553758443
H1a-noise,0.2,41008,6.678478645,1.275918525,8,0.048169636
H1a-noise,0.5,41008,2.764215959,0.770337466,2,0.048307474
H1a-noise,0.8,41008,2.107268071,0.263855362,0,0.015426156
H1a-noise,0.05,41009,19.452491085,1.532361372,20,0.557839031
H1a-noise,0.2,41009,6.112108792,1.303096442,7,0.025380204
H1a-noise,0.5,41009,2.176775477,0.791795506,2,0.065483902
H1a-noise,0.8,41009,1.634587858,0.281604649,0,0.089694052
H1a-noise,0.05,41010,19.425584954,1.513083003,20,0.569922996
H1a-noise,0.2,41010,6.179847986,1.25153014,7,0.017566132
H1a-noise,0.5,41010,2.035320147,0.742497939,2,0.004397221
H1a-noise,0.8,41010,1.59115278,0.253880889,0,0.013580187
H1a-noise,0.05,41011,19.531662095,1.513755825,20,0.574531448
H1a-noise,0.2,41011,6.453396166,1.259532955,7,0.004227928
H1a-noise,0.5,41011,2.26331167,0.796818518,2,0.068140956
H1a-noise,0.8,41011,1.477196008,0.363357105,1,0.105112797
H1a-noise,0.05,41012,19.769829364,1.538789715,20,0.573314278
H1a-noise,0.2,41012,6.682045139,1.337056271,7,0.004825209
H1a-noise,0.5,41012,2.551404652,0.907501432,2,0.003032115
H1a-noise,0.8,41012,1.747503999,0.479047534,1,0.035769834
H1a-noise,0.05,41013,19.314214963,1.507309479,20,0.554475949
H1a-noise,0.2,41013,6.210240231,1.269387825,7,0.021837274
H1a-noise,0.5,41013,2.348472681,0.817754767,2,0.050305496
H1a-noise,0.8,41013,1.674637555,0.346571567,1,0.053842388
H1a-noise,0.05,41014,19.052257589,1.506913534,20,0.555477684
H1a-noise,0.2,41014,5.819013468,1.268360333,7,0.027730906
H1a-noise,0.5,41014,2.065056348,0.832352089,2,0.087621081
H1a-noise,0.8,41014,1.619120411,0.411402312,1,0.156118604
H1a-noise,0.05,41015,19.248541244,1.515437549,20,0.563986983
H1a-noise,0.2,41015,5.878915401,1.258010768,7,0.016670345
H1a-noise,0.5,41015,2.138862465,0.779893505,2,0.031452273
H1a-noise,0.8,41015,1.522637084,0.318476768,1,0.104489573
H1a-noise,0.05,41016,19.476597985,1.513595715,20,0.589144365
H1a-noise,0.2,41016,6.434139339,1.261693246,7,0.068188381
H1a-noise,0.5,41016,2.10315151,0.778897617,2,0.101219053
H1a-noise,0.8,41016,1.423122384,0.302800357,1,0.157780475
H1a-noise,0.05,41017,19.27872534,1.507514477,20,0.552943527
H1a-noise,0.2,41017,6.090826839,1.247252749,7,0.030116319
H1a-noise,0.5,41017,1.847325921,0.726427619,2,0.072008606
H1a-noise,0.8,41017,1.080190454,0.218966426,0,0.076061103
H1a-noise,0.05,41018,19.103955529,1.511942234,20,0.565426437
H1a-noise,0.2,41018,5.830481574,1.272617589,6,0.035204882
H1a-noise,0.5,41018,2.167886557,0.809967946,2,0.057534525
H1a-noise,0.8,41018,1.860133447,0.328870114,1,0.097250598
H1a-noise,0.05,41019,19.184659696,1.498616502,20,0.572745906
H1a-noise,0.2,41019,6.064225158,1.226420158,7,0.040594375
H1a-noise,0.5,41019,1.879609621,0.717863267,2,0.022031102
H1a-noise,0.8,41019,1.304477942,0.177946919,0,0.00568952
H1a-noise,0.05,41020,19.763553225,1.526753216,20,0.586415018
H1a-noise,0.2,41020,6.798526049,1.295649541,7,0.012523976
H1a-noise,0.5,41020,2.26181585,0.806338416,2,0.065298038
H1a-noise,0.8,41020,1.563520387,0.314791908,1,0.097209748
H1a-noise,0.05,41021,19.250836995,1.514802574,20,0.565614078
H1a-noise,0.2,41021,5.971476606,1.268273799,6,0.02676332
H1a-noise,0.5,41021,2.050869558,0.778816928,2,0.036166135
H1a-noise,0.8,41021,1.66972474,0.263908172,0,0.042653267
H1a-noise,0.05,41022,19.619326047,1.548713272,20,0.573812191
H1a-noise,0.2,41022,6.173338928,1.34230156,7,0.021415276
H1a-noise,0.5,41022,1.880450572,0.882653438,2,0.023916058
H1a-noise,0.8,41022,1.166174364,0.418778621,1,0.029946971
H1a-noise,0.05,41023,19.414103366,1.518244874,20,0.559816733
H1a-noise,0.2,41023,6.280580264,1.275197046,7,0.034944185
H1a-noise,0.5,41023,2.190428279,0.782425934,2,0.125696995
H1a-noise,0.8,41023,1.612108628,0.290610158,0,0.154317319
H1a-noise,0.05,41024,19.161933575,1.496764142,20,0.564904769
H1a-noise,0.2,41024,6.027815991,1.231604628,7,0.022512124
H1a-noise,0.5,41024,1.864686586,0.757712492,2,0.004361681
H1a-noise,0.8,41024,1.38370119,0.268653442,0,0.018061031
H1a-noise,0.05,41025,19.427858551,1.508243569,20,0.577816277
H1a-noise,0.2,41025,6.215367694,1.233143913,7,0.047962073
H1a-noise,0.5,41025,2.482670418,0.733578522,2,0.074537023
H1a-noise,0.8,41025,1.867086701,0.242827562,0,0.122111618
H1a-noise,0.05,41026,18.861026438,1.494023025,20,0.555726968
H1a-noise,0.2,41026,5.463383403,1.210823727,6,0.042383276
H1a-noise,0.5,41026,2.075569794,0.682101775,2,0.066477299
H1a-noise,0.8,41026,1.544119874,0.172656863,0,0.078823612
H1a-noise,0.05,41027,19.500001339,1.534221611,20,0.562061401
H1a-noise,0.2,41027,6.160973351,1.317052314,8,0.003085613
H1a-noise,0.5,41027,2.266215737,0.826470965,2,0.017166553
H1a-noise,0.8,41027,1.541530125,0.330021557,1,0.045665515
H1a-noise,0.05,41028,19.441317477,1.518880866,20,0.575584605
H1a-noise,0.2,41028,6.273230181,1.292566208,7,0.057169419
H1a-noise,0.5,41028,2.36913019,0.807086639,2,0.145343432
H1a-noise,0.8,41028,1.523143292,0.272272052,0,0.240596394
H1a-noise,0.05,41029,19.213666962,1.508441026,20,0.553502169
H1a-noise,0.2,41029,6.022438689,1.26450493,7,0.001340439
H1a-noise,0.5,41029,2.280275316,0.805979024,2,0.018608384
H1a-noise,0.8,41029,1.448296053,0.324667335,1,0.049470444
H1a-noise,0.05,41030,19.152950761,1.513398242,20,0.555241987
H1a-noise,0.2,41030,5.902231975,1.293111064,7,0.000348828
H1a-noise,0.5,41030,2.286394847,0.884608295,2,0.034612688
H1a-noise,0.8,41030,1.730631073,0.452750158,1,0.036969529
H1a-noise,0.05,41031,19.344876453,1.52315268,20,0.576835843
H1a-noise,0.2,41031,6.065136685,1.294267259,7,0.061975869
H1a-noise,0.5,41031,2.200242448,0.823793216,2,0.096199229
H1a-noise,0.8,41031,1.503168017,0.33272408,1,0.119216349
H1a-noise,0.05,41032,19.612442245,1.520632059,20,0.584194829
H1a-noise,0.2,41032,6.61450729,1.292466758,8,0.036832326
H1a-noise,0.5,41032,2.11066961,0.833081019,2,0.023319933
H1a-noise,0.8,41032,1.278312347,0.385414066,1,0.019204248
H1a-noise,0.05,41033,19.168453064,1.516382688,20,0.556491283
H1a-noise,0.2,41033,5.859744941,1.285950566,6,0.006583337
H1a-noise,0.5,41033,1.869575294,0.836752977,2,0.010956667
H1a-noise,0.8,41033,1.244662586,0.373373284,1,0.04464607
H1a-noise,0.05,41034,20.010099946,1.545748962,20,0.605526439
H1a-noise,0.2,41034,7.00620367,1.329362916,7,0.060183491
H1a-noise,0.5,41034,2.544282499,0.836863164,2,0.028753153
H1a-noise,0.8,41034,1.705964467,0.328154353,1,0.005403776
H1a-noise,0.05,41035,19.708418301,1.531898515,20,0.580149743
H1a-noise,0.2,41035,6.544659328,1.304585611,7,0.017890462
H1a-noise,0.5,41035,2.210151729,0.844062811,2,0.008023264
H1a-noise,0.8,41035,1.534665718,0.393332013,1,0.014685632
H1a-noise,0.05,41036,19.791813714,1.521168617,20,0.593193666
H1a-noise,0.2,41036,6.892221994,1.283551973,8,0.041164723
H1a-noise,0.5,41036,2.351984331,0.803023298,2,0.022344001
H1a-noise,0.8,41036,1.638552501,0.32112257,1,0.022172771
H1a-noise,0.05,41037,19.249012295,1.521614135,20,0.54835235
H1a-noise,0.2,41037,6.132791253,1.30320713,6,0.036640368
H1a-noise,0.5,41037,2.263025662,0.842693403,2,0.061877992
H1a-noise,0.8,41037,1.547112076,0.343164341,1,0.046582424
H1a-noise,0.05,41038,19.876718196,1.536514803,20,0.594699293
H1a-noise,0.2,41038,6.859657919,1.32427291,7,0.051853833
H1a-noise,0.5,41038,2.512327946,0.866075816,2,0.081679067
H1a-noise,0.8,41038,1.912748879,0.410901047,1,0.113472736
H1a-noise,0.05,41039,19.269278001,1.502004946,20,0.552585882
H1a-noise,0.2,41039,6.199902628,1.253714345,7,0.019296312
H1a-noise,0.5,41039,2.35120553,0.771598157,2,0.025375577
H1a-noise,0.8,41039,1.584923492,0.274997337,0,0.021509781
H1a-noise,0.05,41040,19.601774028,1.514179885,20,0.577493832
H1a-noise,0.2,41040,6.527422388,1.251888386,7,0.005644668
H1a-noise,0.5,41040,2.322942069,0.777438194,2,0.063395031
H1a-noise,0.8,41040,1.544948419,0.342838269,1,0.114192881
H1a-noise,0.05,41041,19.094271213,1.513494998,20,0.539420231
H1a-noise,0.2,41041,5.886680731,1.258192968,7,0.022244407
H1a-noise,0.5,41041,2.584765356,0.773499082,2,0.021841584
H1a-noise,0.8,41041,2.032120909,0.269065704,0,0.086344683
H1a-noise,0.05,41042,19.279964496,1.523521146,20,0.555627252
H1a-noise,0.2,41042,5.832975919,1.268611781,7,0.002413597
H1a-noise,0.5,41042,2.015471041,0.766290252,2,0.03957011
H1a-noise,0.8,41042,1.463047558,0.312090603,1,0.113923485
H1a-noise,0.05,41043,19.44514712,1.525436162,20,0.546994781
H1a-noise,0.2,41043,6.41833957,1.296687327,7,0.042165197
H1a-noise,0.5,41043,2.697325238,0.835696247,2,0.036675632
H1a-noise,0.8,41043,1.905077349,0.362884446,1,0.000682875
H1a-noise,0.05,41044,19.370607606,1.517995709,20,0.572512138
H1a-noise,0.2,41044,6.200033294,1.280336387,7,0.022518174
H1a-noise,0.5,41044,1.859971514,0.783782511,2,0.005861491
H1a-noise,0.8,41044,1.282007796,0.272909175,0,0.011300723
H1a-noise,0.05,41045,19.155196217,1.5364032,20,0.548112917
H1a-noise,0.2,41045,5.92498025,1.332159666,7,0.014713531
H1a-noise,0.5,41045,2.563672777,0.88825069,2,0.099249671
H1a-noise,0.8,41045,2.079844159,0.444983332,1,0.183853645
H1a-noise,0.05,41046,19.316320093,1.516803497,20,0.553336625
H1a-noise,0.2,41046,5.896806456,1.25159802,6,0.022685474
H1a-noise,0.5,41046,1.945019655,0.744456622,2,0.060273033
H1a-noise,0.8,41046,1.39808025,0.270667589,0,0.081910431
H1a-noise,0.05,41047,19.789114674,1.528414957,20,0.563579007
H1a-noise,0.2,41047,6.725180915,1.279701214,7,0.042343714
H1a-noise,0.5,41047,2.727485168,0.743957952,2,0.081094483
H1a-noise,0.8,41047,1.921900559,0.225974452,0,0.089544692
H1a-noise,0.05,41048,19.70922405,1.513371043,20,0.602997971
H1a-noise,0.2,41048,6.94934587,1.283715581,7,0.091999171
H1a-noise,0.5,41048,2.54073658,0.858027504,3,0.12226815
H1a-noise,0.8,41048,1.547799467,0.436748406,1,0.172155669
H1a-noise,0.05,41049,19.617903637,1.523753068,20,0.577132884
H1a-noise,0.2,41049,6.397134808,1.272639481,7,0.018607417
H1a-noise,0.5,41049,2.148408611,0.782633404,2,0.009501771
H1a-noise,0.8,41049,1.399201679,0.337264293,1,0.00284596
H1a-noise,0.05,41050,19.803650145,1.539086271,20,0.580464805
H1a-noise,0.2,41050,6.675927597,1.331074535,8,0.007550272
H1a-noise,0.5,41050,2.452507248,0.883432308,2,0.040149791
H1a-noise,0.8,41050,1.59467322,0.413497308,1,0.054107801
H1a-noise,0.05,41051,19.706388863,1.517375992,20,0.599005704
H1a-noise,0.2,41051,6.737942393,1.25612286,8,0.070662326
H1a-noise,0.5,41051,2.301354727,0.753851985,2,0.077042924
H1a-noise,0.8,41051,1.5289895,0.279110426,0,0.077238372
H1a-noise,0.05,41052,19.815780231,1.52410768,20,0.585216455
H1a-noise,0.2,41052,6.855967235,1.290940382,7,0.012868486
H1a-noise,0.5,41052,2.428246533,0.798257635,3,0.025873284
H1a-noise,0.8,41052,1.555134057,0.297808637,0,0.03484724
H1a-noise,0.05,41053,19.583078137,1.502484207,20,0.573340729
H1a-noise,0.2,41053,6.616373864,1.240139994,8,0.00311518
H1a-noise,0.5,41053,2.739256574,0.782672018,2,0.019272424
H1a-noise,0.8,41053,1.917685251,0.321929217,1,0.001214541
H1a-noise,0.05,41054,18.992914458,1.51175835,20,0.550777469
H1a-noise,0.2,41054,5.628879717,1.284761541,6,0.004361842
H1a-noise,0.5,41054,2.121684937,0.86343199,2,0.032151734
H1a-noise,0.8,41054,1.563276858,0.415579947,1,0.064880247
H1a-noise,0.05,41055,19.856200953,1.529370458,20,0.594243071
H1a-noise,0.2,41055,6.913321629,1.306135702,8,0.044191755
H1a-noise,0.5,41055,2.567255339,0.846402661,2,0.058747433
H1a-noise,0.8,41055,1.811749466,0.385994841,1,0.125745324
H1a-noise,0.05,41056,19.385387177,1.519984933,20,0.565213937
H1a-noise,0.2,41056,6.127217627,1.281923715,7,0.006350729
H1a-noise,0.5,41056,2.008441753,0.821405139,2,0.004644121
H1a-noise,0.8,41056,1.596783437,0.37297568,1,0.03966986
H1a-noise,0.05,41057,19.570068471,1.533775849,20,0.580076481
H1a-noise,0.2,41057,6.300416342,1.321811834,7,0.056161863
H1a-noise,0.5,41057,2.529348919,0.867632375,2,0.099926866
H1a-noise,0.8,41057,1.682226439,0.404196082,1,0.144395839
H1a-noise,0.05,41058,19.573118649,1.511984336,20,0.583720542
H1a-noise,0.2,41058,6.660289889,1.271633275,7,0.030499677
H1a-noise,0.5,41058,2.241312502,0.790197812,2,0.002736879
H1a-noise,0.8,41058,1.336360931,0.287424554,0,0.012511499
H1a-noise,0.05,41059,19.52805739,1.526347909,20,0.579649175
H1a-noise,0.2,41059,6.460882112,1.316023139,7,0.033416779
H1a-noise,0.5,41059,2.297613975,0.881767451,2,0.014450706
H1a-noise,0.8,41059,1.345763156,0.434444683,1,0.010194905
H1a-noise,0.05,41060,19.40267569,1.521551828,20,0.573317362
H1a-noise,0.2,41060,6.108781436,1.271091795,7,0.027836634
H1a-noise,0.5,41060,1.892085605,0.771702431,2,0.018454537
H1a-noise,0.8,41060,1.417446364,0.281303045,0,0.046762445
H1a-noise,0.05,41061,19.721517552,1.522775316,20,0.584132081
H1a-noise,0.2,41061,6.708653927,1.288502267,8,0.024594544
H1a-noise,0.5,41061,2.343784446,0.812767041,2,0.019658519
H1a-noise,0.8,41061,1.508402226,0.358661232,1,0.051660184
H1a-noise,0.05,41062,19.633986987,1.520248388,20,0.588866815
H1a-noise,0.2,41062,6.602429646,1.278117666,7,0.051411851
H1a-noise,0.5,41062,2.190706043,0.792513931,2,0.044471791
H1a-noise,0.8,41062,1.504661191,0.297948755,0,0.06854897
H1a-noise,0.05,41063,19.157514192,1.493674323,20,0.575036787
H1a-noise,0.2,41063,6.084973692,1.222245497,6,0.058995118
H1a-noise,0.5,41063,2.007088475,0.704464313,2,0.079873155
H1a-noise,0.8,41063,1.419735143,0.170901187,0,0.10424983
H1a-noise,0.05,41064,19.663105829,1.543543675,20,0.562922682
H1a-noise,0.2,41064,6.470445346,1.346909808,7,0.027223267
H1a-noise,0.5,41064,2.32438745,0.920332987,2,0.054040283
H1a-noise,0.8,41064,1.591206489,0.461299306,1,0.049915392
H1a-noise,0.05,41065,19.248305746,1.503704815,20,0.566516258
H1a-noise,0.2,41065,6.05338467,1.240419082,7,0.021682274
H1a-noise,0.5,41065,2.457183449,0.775526468,2,0.005105895
H1a-noise,0.8,41065,1.82215702,0.331738889,1,0.011828916
H1a-noise,0.05,41066,19.719420594,1.508652493,20,0.604798931
H1a-noise,0.2,41066,7.040301142,1.259663706,7,0.073891954
H1a-noise,0.5,41066,2.635012123,0.808742964,2,0.057098803
H1a-noise,0.8,41066,1.775339698,0.357661678,1,0.082216424
H1a-noise,0.05,41067,19.538242078,1.524279658,20,0.565123508
H1a-noise,0.2,41067,6.44962467,1.313238038,7,0.009622991
H1a-noise,0.5,41067,2.353311617,0.881968814,2,0.033354245
H1a-noise,0.8,41067,1.555501923,0.426325924,1,0.01189471
H1a-noise,0.05,41068,19.520849253,1.512977694,20,0.564473385
H1a-noise,0.2,41068,6.455894478,1.255362348,8,0.015112438
H1a-noise,0.5,41068,2.336728265,0.747358463,2,0.023265252
H1a-noise,0.8,41068,1.747943761,0.253363743,0,0.020311357
H1a-noise,0.05,41069,19.162669075,1.503266063,20,0.545770388
H1a-noise,0.2,41069,5.881820343,1.22365157,7,0.029184213
H1a-noise,0.5,41069,2.099310514,0.708073798,2,0.043072783
H1a-noise,0.8,41069,1.34056058,0.226718059,0,0.009178013
H1a-noise,0.05,41070,19.525829048,1.52081742,20,0.585872394
H1a-noise,0.2,41070,6.48996801,1.289762472,6,0.04997512
H1a-noise,0.5,41070,2.207811219,0.840561382,2,0.027270966
H1a-noise,0.8,41070,1.445942767,0.388857663,1,0.007628108
H1a-noise,0.05,41071,19.444259686,1.519779227,20,0.56020678
H1a-noise,0.2,41071,6.266992199,1.290203599,7,0.020561707
H1a-noise,0.5,41071,2.583683552,0.839244667,2,0.07407507
H1a-noise,0.8,41071,1.87014808,0.372902676,1,0.092954903
H1a-noise,0.05,41072,19.625519911,1.533915498,20,0.56447523
H1a-noise,0.2,41072,6.479447363,1.337039738,7,0.020334892
H1a-noise,0.5,41072,2.236691797,0.882214286,2,0.072775199
H1a-noise,0.8,41072,1.517913726,0.376399785,1,0.115810002
H1a-noise,0.05,41073,19.380415734,1.507746579,20,0.576605379
H1a-noise,0.2,41073,6.117073833,1.216961839,7,0.037180431
H1a-noise,0.5,41073,1.976820815,0.668832561,1,0.026801771
H1a-noise,0.8,41073,1.374361734,0.302244772,1,0.013709837
H1a-noise,0.05,41074,19.617537008,1.519709245,20,0.576596458
H1a-noise,0.2,41074,6.609207405,1.287075861,7,0.001214179
H1a-noise,0.5,41074,2.197492558,0.840865609,2,0.051479274
H1a-noise,0.8,41074,1.616093633,0.412651964,1,0.07782787
H1a-noise,0.05,41075,19.789321762,1.529281432,20,0.577536502
H1a-noise,0.2,41075,6.712620805,1.309902542,7,0.003444642
H1a-noise,0.5,41075,2.334702699,0.837738949,2,0.016404055
H1a-noise,0.8,41075,1.41110164,0.351507906,1,0.019707263
H1a-noise,0.05,41076,19.341232893,1.508882003,20,0.557760947
H1a-noise,0.2,41076,6.205497656,1.261898665,8,0.014823767
H1a-noise,0.5,41076,2.103824556,0.779920395,2,0.037148091
H1a-noise,0.8,41076,1.264841873,0.288197075,0,0.041744604
H1a-noise,0.05,41077,19.060320543,1.489282856,20,0.555246514
H1a-noise,0.2,41077,5.837834653,1.195111608,7,0.006321571
H1a-noise,0.5,41077,1.624957412,0.677645007,2,0.050655073
H1a-noise,0.8,41077,1.127982001,0.180911299,0,0.075088969
H1a-noise,0.05,41078,19.543685723,1.52006345,20,0.569749993
H1a-noise,0.2,41078,6.357206176,1.284041963,7,0.007667562
H1a-noise,0.5,41078,2.252080524,0.790629031,2,0.009509383
H1a-noise,0.8,41078,1.648462644,0.290199578,0,0.002844417
H1a-noise,0.05,41079,19.545734237,1.510509286,20,0.559958112
H1a-noise,0.2,41079,6.56689118,1.260307514,7,0.043753676
H1a-noise,0.5,41079,2.494224223,0.813995679,2,0.118544993
H1a-noise,0.8,41079,1.789548668,0.38310891,1,0.162479108
H1a-noise,0.05,41080,19.328867713,1.526386894,20,0.560153584
H1a-noise,0.2,41080,5.95997255,1.285715596,6,0.014557775
H1a-noise,0.5,41080,2.060206433,0.773684849,2,0.078042656
H1a-noise,0.8,41080,1.575503209,0.246650087,0,0.126499725
H1a-noise,0.05,41081,19.351509692,1.49891952,20,0.576413414
H1a-noise,0.2,41081,6.385562842,1.240167385,7,0.035062058
H1a-noise,0.5,41081,2.111643768,0.79019164,2,0.018353817
H1a-noise,0.8,41081,1.336840985,0.32683801,1,0.006339077
H1a-noise,0.05,41082,19.984208689,1.542344976,20,0.603784466
H1a-noise,0.2,41082,7.029024066,1.329078933,7,0.056396153
H1a-noise,0.5,41082,2.552076349,0.873153817,2,0.044568904
H1a-noise,0.8,41082,1.826309553,0.402927918,1,0.05281904
H1a-noise,0.05,41083,19.452398343,1.527422817,20,0.561181377
H1a-noise,0.2,41083,6.187013549,1.307259082,7,0.005031189
H1a-noise,0.5,41083,2.170933129,0.8462244,2,0.013972227
H1a-noise,0.8,41083,1.461203043,0.351574276,1,0.015046989
H1a-noise,0.05,41084,19.44143205,1.515070824,20,0.563104571
H1a-noise,0.2,41084,6.370568163,1.293594479,7,0.010598889
H1a-noise,0.5,41084,2.066604379,0.84382397,2,0.048902804
H1a-noise,0.8,41084,1.18954597,0.366511585,1,0.063808156
H1a-noise,0.05,41085,19.481517988,1.525221579,20,0.56739398
H1a-noise,0.2,41085,6.170074028,1.288823078,7,0.007903347
H1a-noise,0.5,41085,2.131459803,0.812457262,2,0.009124469
H1a-noise,0.8,41085,1.553200369,0.322651093,1,0.021984456
H1a-noise,0.05,41086,19.269789563,1.503458728,20,0.565127623
H1a-noise,0.2,41086,6.059156275,1.237046878,7,0.01602949
H1a-noise,0.5,41086,1.794723201,0.731639539,2,0.021190941
H1a-noise,0.8,41086,1.274129723,0.250997122,0,0.056561198
H1a-noise,0.05,41087,19.608964131,1.515912943,20,0.57680561
H1a-noise,0.2,41087,6.451059547,1.242731262,7,0.004708078
H1a-noise,0.5,41087,2.042763682,0.719000368,2,0.025194247
H1a-noise,0.8,41087,1.268147204,0.209068588,0,0.003083152
H1a-noise,0.05,41088,19.780891528,1.537326071,20,0.580809085
H1a-noise,0.2,41088,6.60328852,1.316196551,7,0.011859238
H1a-noise,0.5,41088,2.029824805,0.834017843,2,0.012705262
H1a-noise,0.8,41088,1.215104705,0.335717708,1,0.001713212
H1a-noise,0.05,41089,19.679476871,1.5161457,20,0.57720865
H1a-noise,0.2,41089,6.72047605,1.277596346,8,0.001494516
H1a-noise,0.5,41089,2.362477632,0.813626511,2,0.060480837
H1a-noise,0.8,41089,1.56714259,0.331425525,1,0.091298363
H1a-noise,0.05,41090,19.280474538,1.501334009,20,0.564933052
H1a-noise,0.2,41090,6.224957513,1.250903585,7,0.004270687
H1a-noise,0.5,41090,2.005333557,0.792341355,2,0.020213031
H1a-noise,0.8,41090,1.483228916,0.322379351,1,0.008636961
H1a-noise,0.05,41091,19.331995813,1.49805496,20,0.578564607
H1a-noise,0.2,41091,6.239928276,1.203906718,7,0.035807366
H1a-noise,0.5,41091,1.71824693,0.674353251,1,0.001972093
H1a-noise,0.8,41091,0.998120696,0.183371019,0,0.041160188
H1a-noise,0.05,41092,19.400478431,1.497349331,20,0.574432912
H1a-noise,0.2,41092,6.329661909,1.208129809,7,0.019676065
H1a-noise,0.5,41092,1.91718327,0.666274163,2,0.006615016
H1a-noise,0.8,41092,1.297444759,0.240753906,0,0.003067564
H1a-noise,0.05,41093,19.320686524,1.518076072,20,0.558991003
H1a-noise,0.2,41093,6.062185641,1.296655277,7,0.000271225
H1a-noise,0.5,41093,2.313523458,0.855040114,2,0.028000607
H1a-noise,0.8,41093,1.361627305,0.387731584,1,0.061150094
H1a-noise,0.05,41094,19.513724667,1.519214246,20,0.579222792
H1a-noise,0.2,41094,6.307010994,1.265236816,7,0.038461469
H1a-noise,0.5,41094,2.025605935,0.754806428,2,0.039349743
H1a-noise,0.8,41094,1.162522172,0.250970742,0,0.05408734
H1a-noise,0.05,41095,19.689064006,1.529134816,20,0.581891272
H1a-noise,0.2,41095,6.633191385,1.311532524,7,0.021693273
H1a-noise,0.5,41095,2.176017326,0.830729658,2,0.009775877
H1a-noise,0.8,41095,1.483680378,0.347759219,1,0.012261201
H1a-noise,0.05,41096,19.149748631,1.502267131,20,0.563023772
H1a-noise,0.2,41096,5.836389038,1.225634722,7,0.023410564
H1a-noise,0.5,41096,1.813291179,0.719868917,1,0.010211899
H1a-noise,0.8,41096,1.148732732,0.234815054,0,0.010441971
H1a-noise,0.05,41097,19.761087419,1.528916511,20,0.583787832
H1a-noise,0.2,41097,6.76183064,1.307449196,7,0.012535335
H1a-noise,0.5,41097,2.321149914,0.853606801,2,0.017930575
H1a-noise,0.8,41097,1.501618191,0.400641017,1,0.003443091
H1a-noise,0.05,41098,19.869594614,1.536980043,20,0.598613396
H1a-noise,0.2,41098,6.805223857,1.305487952,8,0.056466043
H1a-noise,0.5,41098,2.134228061,0.790380992,2,0.055024694
H1a-noise,0.8,41098,1.323076252,0.260794509,0,0.080643294
H1a-noise,0.05,41099,19.871429255,1.525445297,20,0.580118093
H1a-noise,0.2,41099,6.904154651,1.291848194,8,0.010024433
H1a-noise,0.5,41099,2.710834321,0.816884305,2,0.083201158
H1a-noise,0.8,41099,1.891410615,0.337012689,1,0.105711748
H2-noise,0.05,41000,2.017487297,0.167112222,0,0.086288612
H2-noise,0.2,41000,3.60469366,0.573060399,4,0.014823683
H2-noise,0.5,41000,4.048682275,1.145478702,3,0.057775539
H2-noise,0.8,41000,4.518557983,1.421428754,2,0.079620393
H2-noise,1.0,41000,4.935046699,1.691677728,2,0.078716958
H2-noise,0.05,41001,1.740915079,0.153190805,0,0.093107792
H2-noise,0.2,41001,3.340403641,0.56042799,4,0.075485336
H2-noise,0.5,41001,3.95021959,1.150375557,3,0.076849446
H2-noise,0.8,41001,4.63800922,1.475844131,2,0.086913369
H2-noise,1.0,41001,5.135146648,1.555638903,2,0.086698892
H2-noise,0.05,41002,1.796139778,0.16560189,0,0.089261731
H2-noise,0.2,41002,3.383897228,0.611797366,5,0.062085129
H2-noise,0.5,41002,4.037152445,1.256937291,4,0.08897079
H2-noise,0.8,41002,4.682654897,1.57959278,3,0.148939287
H2-noise,1.0,41002,5.010029073,1.710164502,2,0.190613687
H2-noise,0.05,41003,1.784555126,0.150587284,0,0.104333064
H2-noise,0.2,41003,3.537897399,0.557218006,5,0.099504836
H2-noise,0.5,41003,4.148346462,1.146595248,3,0.08336355
H2-noise,0.8,41003,4.72197325,1.457683726,2,0.090995103
H2-noise,1.0,41003,5.040545192,1.522827085,2,0.098764043
H2-noise,0.05,41004,1.691626013,0.141098563,0,0.097006531
H2-noise,0.2,41004,3.449712487,0.542133191,4,0.105036647
H2-noise,0.5,41004,4.432942089,1.197000182,4,0.140082762
H2-noise,0.8,41004,5.123166336,1.559219773,3,0.177767584
H2-noise,1.0,41004,5.444227926,1.659025084,2,0.184659841
H2-noise,0.05,41005,1.677851407,0.149897907,0,0.087529294
H2-noise,0.2,41005,3.245936313,0.555036292,3,0.053490456
H2-noise,0.5,41005,3.79888978,1.170670671,3,0.001419896
H2-noise,0.8,41005,4.29610158,1.518953013,2,0.042133069
H2-noise,1.0,41005,4.967131729,1.598214986,2,0.084285272
H2-noise,0.05,41006,1.776130276,0.152963858,0,0.085978142
H2-noise,0.2,41006,3.554578698,0.595545091,4,0.053358451
H2-noise,0.5,41006,3.943872298,1.253522723,3,0.018523954
H2-noise,0.8,41006,4.428623555,1.587789633,2,0.025230054
H2-noise,1.0,41006,4.949151437,1.74701667,2,0.041425196
H2-noise,0.05,41007,1.909181848,0.162014547,0,0.097409122
H2-noise,0.2,41007,3.648932854,0.594432724,5,0.048223973
H2-noise,0.5,41007,4.167037359,1.215201111,4,0.033572075
H2-noise,0.8,41007,4.560096789,1.509790984,3,0.084052255
H2-noise,1.0,41007,4.894421647,1.774457454,2,0.110085628
H2-noise,0.05,41008,1.891295435,0.16142109,0,0.090859485
H2-noise,0.2,41008,3.530773896,0.59026241,5,0.044045406
H2-noise,0.5,41008,4.250875647,1.228987707,3,0.038688612
H2-noise,0.8,41008,4.941728205,1.594881432,3,0.062965356
H2-noise,1.0,41008,5.639303833,1.687637949,2,0.061277651
H2-noise,0.05,41009,1.773672361,0.161491703,0,0.07904048
H2-noise,0.2,41009,3.211704001,0.566729109,4,0.02617761
H2-noise,0.5,41009,3.935076131,1.121973148,3,0.03144084
H2-noise,0.8,41009,4.465554166,1.409281205,3,0.092920844
H2-noise,1.0,41009,5.02015586,1.555825471,2,0.143966796
H2-noise,0.05,41010,1.664147219,0.157004007,0,0.076584368
H2-noise,0.2,41010,3.119895978,0.583524727,3,0.033272058
H2-noise,0.5,41010,3.89934917,1.247000507,3,0.02634048
H2-noise,0.8,41010,4.838930857,1.643978639,3,0.048262213
H2-noise,1.0,41010,5.467931472,1.751503076,2,0.064801976
H2-noise,0.05,41011,1.724607504,0.152949819,0,0.089044299
H2-noise,0.2,41011,3.333160558,0.571153506,4,0.069522392
H2-noise,0.5,41011,4.163947178,1.227227114,4,0.085411778
H2-noise,0.8,41011,4.762586956,1.590779989,3,0.105578888
H2-noise,1.0,41011,5.04937167,1.669241323,2,0.10847388
H2-noise,0.05,41012,1.987983407,0.181647855,0,0.091717985
H2-noise,0.2,41012,3.648171827,0.652835521,5,0.025791012
H2-noise,0.5,41012,4.012394634,1.331726978,4,0.047833204
H2-noise,0.8,41012,4.500389424,1.692571526,2,0.06913995
H2-noise,1.0,41012,4.946955063,1.795241241,2,0.072441596
H2-noise,0.05,41013,1.701136052,0.146678732,0,0.068609895
H2-noise,0.2,41013,3.39059436,0.578449168,4,0.003907197
H2-noise,0.5,41013,4.174100487,1.236224653,3,0.049550696
H2-noise,0.8,41013,4.628289925,1.585069944,2,0.046415755
H2-noise,1.0,41013,5.106023597,1.654694539,2,0.030307206
H2-noise,0.05,41014,1.496974442,0.140200981,0,0.05507747
H2-noise,0.2,41014,3.01200131,0.553220761,4,0.001420889
H2-noise,0.5,41014,3.868037935,1.182507281,3,0.002403938
H2-noise,0.8,41014,4.412636622,1.500410441,2,0.050764154
H2-noise,1.0,41014,5.029577432,1.727306221,2,0.076017799
H2-noise,0.05,41015,1.551372123,0.148917787,0,0.06775391
H2-noise,0.2,41015,2.905539017,0.546671469,3,0.034283752
H2-noise,0.5,41015,4.037638189,1.160274199,4,0.058963125
H2-noise,0.8,41015,4.548814818,1.488216252,2,0.087242902
H2-noise,1.0,41015,4.97298693,1.619050508,2,0.088791192
H2-noise,0.05,41016,1.645195022,0.147894163,0,0.091162517
H2-noise,0.2,41016,3.197398508,0.553267532,4,0.079507884
H2-noise,0.5,41016,3.731178844,1.169231147,4,0.057852329
H2-noise,0.8,41016,4.405339053,1.500211813,3,0.012584629
H2-noise,1.0,41016,4.913696753,1.577967881,2,0.044853298
H2-noise,0.05,41017,1.613408497,0.144208352,0,0.072755287
H2-noise,0.2,41017,3.093602928,0.541265364,3,0.017604858
H2-noise,0.5,41017,3.603447287,1.137973828,4,0.046221679
H2-noise,0.8,41017,4.248067328,1.475373663,2,0.083552127
H2-noise,1.0,41017,4.635516785,1.549475471,2,0.112788288
H2-noise,0.05,41018,1.411039532,0.135235967,0,0.067074716
H2-noise,0.2,41018,2.832324892,0.51765745,4,0.041430492
H2-noise,0.5,41018,3.824018708,1.07389242,3,0.002163623
H2-noise,0.8,41018,4.41540185,1.328027538,2,0.033486747
H2-noise,1.0,41018,4.968009019,1.608730197,2,0.048938116
H2-noise,0.05,41019,1.463012085,0.135390818,0,0.073851273
H2-noise,0.2,41019,2.926296195,0.526145404,3,0.055641787
H2-noise,0.5,41019,3.566571304,1.136604903,3,0.070077297
H2-noise,0.8,41019,4.412700397,1.481366575,2,0.114758035
H2-noise,1.0,41019,4.950310148,1.576787721,2,0.133482301
H2-noise,0.05,41020,1.884159514,0.166332554,0,0.100449018
H2-noise,0.2,41020,3.567303066,0.604187631,5,0.075800773
H2-noise,0.5,41020,3.989971871,1.242339203,3,0.066150765
H2-noise,0.8,41020,4.411632921,1.597630373,2,0.090877479
H2-noise,1.0,41020,5.074926974,1.67833999,2,0.117712696
H2-noise,0.05,41021,1.53255663,0.148983688,0,0.064399971
H2-noise,0.2,41021,2.901143815,0.558304011,4,0.000534147
H2-noise,0.5,41021,3.590702815,1.168620895,3,0.082706317
H2-noise,0.8,41021,4.410526799,1.491521524,2,0.127743299
H2-noise,1.0,41021,5.070900897,1.558424861,2,0.14896283
H2-noise,0.05,41022,2.014949107,0.184604229,0,0.078960772
H2-noise,0.2,41022,3.478622056,0.625092833,4,0.009145432
H2-noise,0.5,41022,3.802133938,1.233200846,3,0.034314162
H2-noise,0.8,41022,4.266712735,1.542367719,2,0.046172935
H2-noise,1.0,41022,4.725449838,1.710343167,2,0.050897578
H2-noise,0.05,41023,1.629743061,0.152460359,0,0.086864982
H2-noise,0.2,41023,3.092482173,0.564668549,4,0.070646594
H2-noise,0.5,41023,3.680748211,1.172490248,3,0.058322113
H2-noise,0.8,41023,4.200877052,1.500165682,2,0.038111994
H2-noise,1.0,41023,4.66296523,1.562554562,2,0.017599539
H2-noise,0.05,41024,1.516055485,0.145444325,0,0.066287394
H2-noise,0.2,41024,3.068803432,0.580337982,3,0.031609853
H2-noise,0.5,41024,3.751072431,1.280021361,3,0.007454814
H2-noise,0.8,41024,4.4623427,1.685778412,2,0.014629499
H2-noise,1.0,41024,5.173964517,1.8,2,0.044983818
H2-noise,0.05,41025,1.697370919,0.145430267,0,0.077635028
H2-noise,0.2,41025,3.272663837,0.540910636,4,0.044126672
H2-noise,0.5,41025,4.470129828,1.172778025,4,0.086426809
H2-noise,0.8,41025,5.072877282,1.530147535,3,0.149795033
H2-noise,1.0,41025,5.336982344,1.611977529,2,0.171299938
H2-noise,0.05,41026,1.275323992,0.127919527,0,0.043251781
H2-noise,0.2,41026,2.542224573,0.507118385,3,0.010949853
H2-noise,0.5,41026,3.507589398,1.107543339,3,0.036017263
H2-noise,0.8,41026,4.309332052,1.449043163,3,0.033271642
H2-noise,1.0,41026,4.684343168,1.53413137,2,0.021698958
H2-noise,0.05,41027,1.808892601,0.167128307,0,0.072187548
H2-noise,0.2,41027,3.285120032,0.595840905,4,0.002880398
H2-noise,0.5,41027,4.153178162,1.188150087,3,0.013491228
H2-noise,0.8,41027,4.572333166,1.497704006,3,0.017789646
H2-noise,1.0,41027,5.062484728,1.612224862,2,0.04911904
H2-noise,0.05,41028,1.771367644,0.158445177,0,0.066742166
H2-noise,0.2,41028,3.380942033,0.593949452,5,0.01820226
H2-noise,0.5,41028,4.293387274,1.217236136,4,0.08240284
H2-noise,0.8,41028,4.853009991,1.547843976,2,0.099703647
H2-noise,1.0,41028,5.273202061,1.626734336,2,0.117506744
H2-noise,0.05,41029,1.59613227,0.146847621,0,0.061461981
H2-noise,0.2,41029,3.128866013,0.570918529,4,0.006059774
H2-noise,0.5,41029,3.939450713,1.221275976,4,0.0533325
H2-noise,0.8,41029,4.524132028,1.56619181,3,0.034410851
H2-noise,1.0,41029,4.804028823,1.636572928,2,0.004020307
H2-noise,0.05,41030,1.524818058,0.144858224,0,0.058383233
H2-noise,0.2,41030,3.007551888,0.567008428,4,0.012735894
H2-noise,0.5,41030,4.149236367,1.193603089,4,0.022940673
H2-noise,0.8,41030,4.74571998,1.484628338,2,0.054944621
H2-noise,1.0,41030,5.384918388,1.7598411,2,0.075688549
H2-noise,0.05,41031,1.578594773,0.151892033,0,0.065135636
H2-noise,0.2,41031,2.881633528,0.559001754,4,0.007871785
H2-noise,0.5,41031,3.714130533,1.140866474,3,0.007720193
H2-noise,0.8,41031,4.102624577,1.424896601,2,0.050967761
H2-noise,1.0,41031,4.516652596,1.598113495,2,0.085104762
H2-noise,0.05,41032,1.798534284,0.157499096,0,0.092830944
H2-noise,0.2,41032,3.480909318,0.58918082,4,0.064344397
H2-noise,0.5,41032,3.996986507,1.224159114,3,0.064420891
H2-noise,0.8,41032,4.288586003,1.561247862,2,0.105452923
H2-noise,1.0,41032,4.617921313,1.694958905,2,0.128728048
H2-noise,0.05,41033,1.513369616,0.146102919,0,0.062348968
H2-noise,0.2,41033,2.864339812,0.554917915,4,0.011307919
H2-noise,0.5,41033,3.491785224,1.153770145,3,0.025056008
H2-noise,0.8,41033,4.078004685,1.443304507,2,0.036202148
H2-noise,1.0,41033,4.445674627,1.64713476,2,0.043137445
H2-noise,0.05,41034,2.201947768,0.183150211,0,0.11109653
H2-noise,0.2,41034,3.977058749,0.624760415,5,0.083930772
H2-noise,0.5,41034,4.488571333,1.240073052,4,0.058753294
H2-noise,0.8,41034,4.926571334,1.572162422,3,0.056363261
H2-noise,1.0,41034,5.235091137,1.643164245,2,0.060337056
H2-noise,0.05,41035,1.920860184,0.173976799,0,0.094336822
H2-noise,0.2,41035,3.489929601,0.622361327,5,0.062675453
H2-noise,0.5,41035,4.088847893,1.288763501,4,0.068775642
H2-noise,0.8,41035,4.84261584,1.657437756,3,0.10071273
H2-noise,1.0,41035,5.276437155,1.733464191,2,0.118475875
H2-noise,0.05,41036,1.882197955,0.162379574,0,0.100713289
H2-noise,0.2,41036,3.569812637,0.599919129,5,0.066201106
H2-noise,0.5,41036,3.887618652,1.254205526,4,0.025574951
H2-noise,0.8,41036,4.333976403,1.620534718,3,0.027819402
H2-noise,1.0,41036,4.630962538,1.705387754,2,0.043234641
H2-noise,0.05,41037,1.634666937,0.152012278,0,0.079547296
H2-noise,0.2,41037,3.197736879,0.569028958,4,0.051998739
H2-noise,0.5,41037,3.724572037,1.145606493,3,0.02947188
H2-noise,0.8,41037,4.386948421,1.40992959,2,0.022329856
H2-noise,1.0,41037,4.833342036,1.592257363,2,0.021244121
H2-noise,0.05,41038,2.041340013,0.177782145,0,0.103217496
H2-noise,0.2,41038,3.801739538,0.635790655,5,0.056354937
H2-noise,0.5,41038,4.203747937,1.293968725,3,0.021379427
H2-noise,0.8,41038,4.711985916,1.651669517,2,0.059200468
H2-noise,1.0,41038,5.419440908,1.722116726,2,0.09686032
H2-noise,0.05,41039,1.70388621,0.145600666,0,0.066732985
H2-noise,0.2,41039,3.402628836,0.581755343,4,0.006532424
H2-noise,0.5,41039,4.170528175,1.252758748,3,0.030726698
H2-noise,0.8,41039,4.681429832,1.634134938,3,0.004749015
H2-noise,1.0,41039,5.077018292,1.733919339,2,0.02539729
H2-noise,0.05,41040,1.813591358,0.151863711,0,0.093005211
H2-noise,0.2,41040,3.52441987,0.558247742,4,0.06409417
H2-noise,0.5,41040,4.285764722,1.20011007,4,0.027453845
H2-noise,0.8,41040,4.808644305,1.558786579,3,0.004335336
H2-noise,1.0,41040,5.007700242,1.660951965,2,0.00726617
H2-noise,0.05,41041,1.562931184,0.145867247,0,0.050616485
H2-noise,0.2,41041,3.034165174,0.533307672,4,0.037488871
H2-noise,0.5,41041,4.133323324,1.107959611,4,0.070344442
H2-noise,0.8,41041,4.892806045,1.397132668,3,0.057522221
H2-noise,1.0,41041,5.210581917,1.521942718,2,0.051109969
H2-noise,0.05,41042,1.684952257,0.161484395,0,0.064790171
H2-noise,0.2,41042,2.979083037,0.570573388,4,5.9795e-05
H2-noise,0.5,41042,3.915489419,1.186004698,3,0.031440864
H2-noise,0.8,41042,4.545589723,1.538352074,2,0.057754576
H2-noise,1.0,41042,5.13219255,1.620291091,2,0.089984939
H2-noise,0.05,41043,1.77139889,0.168406525,0,0.071891517
H2-noise,0.2,41043,3.197066403,0.617164187,5,0.004354121
H2-noise,0.5,41043,3.983746635,1.285879692,4,0.059904556
H2-noise,0.8,41043,4.681590144,1.653275476,3,0.090843421
H2-noise,1.0,41043,5.086648689,1.735872452,2,0.116572709
H2-noise,0.05,41044,1.608702774,0.146889902,0,0.076959214
H2-noise,0.2,41044,3.067165088,0.545705518,4,0.042358769
H2-noise,0.5,41044,3.566214326,1.114713108,4,0.020350777
H2-noise,0.8,41044,4.358024424,1.403089763,2,0.01148512
H2-noise,1.0,41044,4.727583412,1.534935193,2,0.002798435
H2-noise,0.05,41045,1.578471048,0.168327821,0,0.041286911
H2-noise,0.2,41045,3.062721038,0.603842988,4,0.069221673
H2-noise,0.5,41045,4.092352496,1.207978405,3,0.135526478
H2-noise,0.8,41045,4.812704633,1.50292198,2,0.165217566
H2-noise,1.0,41045,5.56427144,1.7592103,2,0.2
H2-noise,0.05,41046,1.764362031,0.162552529,0,0.072047012
H2-noise,0.2,41046,3.183068065,0.57684959,4,0.011360394
H2-noise,0.5,41046,4.043366474,1.199469279,3,0.001038415
H2-noise,0.8,41046,4.967779909,1.56082371,3,0.055603314
H2-noise,1.0,41046,5.754093387,1.643070611,3,0.109769329
H2-noise,0.05,41047,2.08051725,0.173880122,0,0.096104046
H2-noise,0.2,41047,3.766017058,0.615304625,5,0.035119268
H2-noise,0.5,41047,4.239970203,1.270838109,4,0.029746123
H2-noise,0.8,41047,4.743869809,1.669524815,3,0.048130389
H2-noise,1.0,41047,5.031151864,1.797718266,2,0.040392296
H2-noise,0.05,41048,1.87395405,0.157991314,0,0.092932043
H2-noise,0.2,41048,3.706589877,0.607386921,5,0.058846777
H2-noise,0.5,41048,4.191587466,1.300049892,4,0.027454832
H2-noise,0.8,41048,4.473750037,1.673007505,3,0.020382753
H2-noise,1.0,41048,4.723208805,1.748913546,2,0.020194003
H2-noise,0.05,41049,1.886154075,0.157219066,0,0.089282616
H2-noise,0.2,41049,3.49563834,0.559462624,5,0.039341542
H2-noise,0.5,41049,3.990816795,1.161969567,4,0.016134655
H2-noise,0.8,41049,4.466844419,1.490434399,2,0.054744001
H2-noise,1.0,41049,4.986037963,1.663225849,2,0.088678353
H2-noise,0.05,41050,1.994540725,0.177873852,0,0.092533285
H2-noise,0.2,41050,3.577579291,0.631827203,5,0.043773464
H2-noise,0.5,41050,4.209488262,1.279135091,3,0.025850579
H2-noise,0.8,41050,4.4654453,1.61456976,2,0.012946844
H2-noise,1.0,41050,4.812319914,1.680323908,2,0.005904633
H2-noise,0.05,41051,1.852593105,0.150549287,0,0.099835871
H2-noise,0.2,41051,3.518961824,0.545066669,4,0.073133801
H2-noise,0.5,41051,3.961879802,1.147346945,3,0.032754721
H2-noise,0.8,41051,4.259405643,1.480495609,2,0.007011292
H2-noise,1.0,41051,4.731467231,1.576122788,2,0.013483015
H2-noise,0.05,41052,1.980268946,0.167703573,0,0.106995175
H2-noise,0.2,41052,3.805013514,0.61444962,5,0.084408732
H2-noise,0.5,41052,4.284744843,1.271407298,4,0.053861966
H2-noise,0.8,41052,4.693715683,1.647008858,3,0.039842699
H2-noise,1.0,41052,4.948163655,1.744307893,2,0.041348776
H2-noise,0.05,41053,1.851661548,0.1457737,0,0.089213436
H2-noise,0.2,41053,3.738644952,0.556322944,5,0.047168438
H2-noise,0.5,41053,4.745268663,1.216030382,5,0.010114066
H2-noise,0.8,41053,5.229798071,1.574923041,3,0.012689107
H2-noise,1.0,41053,5.493441448,1.648158903,2,0.033585648
H2-noise,0.05,41054,1.397744233,0.140889255,0,0.051412438
H2-noise,0.2,41054,2.749608431,0.54821537,4,0.005720651
H2-noise,0.5,41054,3.712772682,1.149513791,3,0.012608918
H2-noise,0.8,41054,4.344005646,1.423267502,2,0.039603144
H2-noise,1.0,41054,4.677757506,1.704157224,2,0.047577149
H2-noise,0.05,41055,1.987694895,0.170431581,0,0.107720165
H2-noise,0.2,41055,3.775683446,0.618731009,5,0.086280133
H2-noise,0.5,41055,4.435168335,1.277560039,3,0.063489446
H2-noise,0.8,41055,4.945931223,1.636168239,2,0.037048394
H2-noise,1.0,41055,5.541463588,1.708711587,2,0.01428975
H2-noise,0.05,41056,1.637969034,0.145670649,0,0.076216629
H2-noise,0.2,41056,3.077670382,0.536062191,4,0.032637158
H2-noise,0.5,41056,3.781188974,1.106914827,3,0.036327138
H2-noise,0.8,41056,4.225683354,1.380533871,2,0.085896677
H2-noise,1.0,41056,4.744635077,1.688679087,2,0.116479457
H2-noise,0.05,41057,1.824863913,0.173407665,0,0.070210469
H2-noise,0.2,41057,3.290751009,0.6267319,5,0.006703353
H2-noise,0.5,41057,4.241856371,1.27702227,3,0.051904783
H2-noise,0.8,41057,4.623442152,1.621968948,3,0.08065908
H2-noise,1.0,41057,4.922824917,1.686412164,2,0.104202589
H2-noise,0.05,41058,1.787909476,0.148772799,0,0.09715464
H2-noise,0.2,41058,3.546656892,0.565449895,4,0.07989392
H2-noise,0.5,41058,4.108275826,1.181852419,3,0.046866619
H2-noise,0.8,41058,4.456951566,1.508205387,3,0.022431058
H2-noise,1.0,41058,4.734082961,1.573400567,2,0.009963975
H2-noise,0.05,41059,1.739046584,0.158877674,0,0.085828442
H2-noise,0.2,41059,3.351703001,0.592207153,5,0.057527552
H2-noise,0.5,41059,4.228408582,1.209355331,3,0.040328907
H2-noise,0.8,41059,4.743058296,1.508443505,2,0.034511661
H2-noise,1.0,41059,5.042555465,1.719702945,2,0.029488346
H2-noise,0.05,41060,1.640009278,0.1514515,0,0.074940201
H2-noise,0.2,41060,2.939506309,0.544782487,4,0.031896664
H2-noise,0.5,41060,3.493497357,1.125623844,3,0.019285718
H2-noise,0.8,41060,4.219167021,1.431896814,2,0.035077527
H2-noise,1.0,41060,4.709448788,1.551866519,2,0.035116276
H2-noise,0.05,41061,1.886261979,0.159371135,0,0.091604022
H2-noise,0.2,41061,3.56804098,0.584501177,5,0.046448909
H2-noise,0.5,41061,4.23564852,1.209694543,4,0.034373303
H2-noise,0.8,41061,4.92279217,1.548989714,3,0.068930559
H2-noise,1.0,41061,5.514091678,1.664691116,2,0.100067449
H2-noise,0.05,41062,1.758764227,0.158939341,0,0.077932907
H2-noise,0.2,41062,3.244612304,0.585307625,5,0.007109799
H2-noise,0.5,41062,3.643281845,1.223290697,4,0.068997211
H2-noise,0.8,41062,3.999388755,1.574843721,3,0.102080119
H2-noise,1.0,41062,4.306710722,1.654067462,2,0.117940436
H2-noise,0.05,41063,1.530900185,0.13378219,0,0.068393296
H2-noise,0.2,41063,3.145668476,0.537409401,3,0.031289204
H2-noise,0.5,41063,3.714121286,1.168327759,3,0.018249545
H2-noise,0.8,41063,4.197729837,1.531821259,2,0.055763217
H2-noise,1.0,41063,4.917183472,1.632051185,2,0.09673174
H2-noise,0.05,41064,1.955537819,0.18182365,0,0.085610991
H2-noise,0.2,41064,3.501777276,0.643356481,5,0.020092345
H2-noise,0.5,41064,3.944421727,1.29473808,3,0.055517282
H2-noise,0.8,41064,4.439322501,1.619574399,2,0.110042708
H2-noise,1.0,41064,5.051648808,1.738259248,2,0.144203175
H2-noise,0.05,41065,1.536804902,0.144032995,0,0.070464549
H2-noise,0.2,41065,3.020235614,0.558388948,3,0.04981055
H2-noise,0.5,41065,4.308623086,1.222897441,4,0.087275645
H2-noise,0.8,41065,5.066305602,1.594562509,3,0.117622677
H2-noise,1.0,41065,5.434565326,1.670268414,2,0.116776277
H2-noise,0.05,41066,1.832051286,0.149404122,0,0.105453989
H2-noise,0.2,41066,3.787950303,0.576467978,3,0.100098782
H2-noise,0.5,41066,4.496753753,1.246214016,4,0.070530365
H2-noise,0.8,41066,5.125995914,1.610480389,3,0.052147414
H2-noise,1.0,41066,5.415628292,1.683685067,2,0.036544338
H2-noise,0.05,41067,1.802818618,0.158049757,0,0.07639888
H2-noise,0.2,41067,3.418394567,0.594526757,5,0.006956006
H2-noise,0.5,41067,4.062069603,1.220825225,4,0.04749077
H2-noise,0.8,41067,4.557334486,1.525010494,3,0.044719592
H2-noise,1.0,41067,4.963086073,1.716929712,2,0.042930686
H2-noise,0.05,41068,1.747817756,0.152214581,0,0.088284913
H2-noise,0.2,41068,3.324419871,0.567832967,3,0.04660628
H2-noise,0.5,41068,3.834285009,1.202536953,3,0.009000516
H2-noise,0.8,41068,4.513021107,1.568845102,3,0.070104439
H2-noise,1.0,41068,5.087720232,1.657715442,2,0.124961033
H2-noise,0.05,41069,1.500519664,0.14712234,0,0.059278671
H2-noise,0.2,41069,2.826441643,0.558999575,3,0.004514742
H2-noise,0.5,41069,3.764347853,1.224232696,3,0.051841252
H2-noise,0.8,41069,4.363211939,1.629656887,2,0.068861012
H2-noise,1.0,41069,4.909515713,1.740391594,2,0.070959098
H2-noise,0.05,41070,1.687966675,0.157167399,0,0.080493388
H2-noise,0.2,41070,3.21541199,0.585373377,4,0.033378363
H2-noise,0.5,41070,3.763098792,1.22418919,4,0.017804003
H2-noise,0.8,41070,4.287444555,1.55602513,2,0.035775041
H2-noise,1.0,41070,4.757941094,1.684886982,2,0.049388713
H2-noise,0.05,41071,1.723292362,0.165871928,0,0.083599096
H2-noise,0.2,41071,3.24716074,0.616709474,5,0.057306411
H2-noise,0.5,41071,4.21799867,1.294558424,4,0.080658353
H2-noise,0.8,41071,5.007328148,1.66623318,3,0.110549365
H2-noise,1.0,41071,5.420300449,1.749565605,2,0.112264529
H2-noise,0.05,41072,1.902810723,0.171593478,0,0.081983768
H2-noise,0.2,41072,3.573836549,0.631126809,5,0.019110016
H2-noise,0.5,41072,4.178973049,1.264844691,3,0.004461904
H2-noise,0.8,41072,4.63512144,1.585260034,2,0.032957517
H2-noise,1.0,41072,5.190900979,1.647475096,2,0.066666546
H2-noise,0.05,41073,1.650068896,0.141053966,0,0.077908763
H2-noise,0.2,41073,3.073704744,0.511673704,4,0.034315996
H2-noise,0.5,41073,3.720555213,1.099378557,4,0.0101779
H2-noise,0.8,41073,4.423182278,1.448672499,3,0.021242387
H2-noise,1.0,41073,5.029238821,1.529921143,3,0.026205981
H2-noise,0.05,41074,1.792669169,0.149383042,0,0.09377287
H2-noise,0.2,41074,3.512035789,0.556297726,5,0.059396235
H2-noise,0.5,41074,4.07753421,1.157025398,3,0.009690013
H2-noise,0.8,41074,4.685294667,1.453078542,3,0.00816119
H2-noise,1.0,41074,5.254360165,1.725977035,2,0.010993217
H2-noise,0.05,41075,2.005589811,0.172921113,0,0.093125292
H2-noise,0.2,41075,3.769988815,0.629827969,5,0.027740118
H2-noise,0.5,41075,4.22818239,1.28660564,4,0.04473555
H2-noise,0.8,41075,4.814705741,1.647279529,3,0.07389038
H2-noise,1.0,41075,5.168001931,1.730931844,2,0.083961773
H2-noise,0.05,41076,1.66619177,0.144384939,0,0.070941547
H2-noise,0.2,41076,3.241181933,0.557307076,4,0.009151435
H2-noise,0.5,41076,3.840074688,1.179430558,3,0.041534772
H2-noise,0.8,41076,4.168682645,1.512791991,3,0.048203805
H2-noise,1.0,41076,4.457467588,1.57894072,2,0.053640243
H2-noise,0.05,41077,1.431784981,0.132891867,0,0.066605143
H2-noise,0.2,41077,2.896880034,0.525374304,3,0.030828423
H2-noise,0.5,41077,3.382159685,1.167017137,3,0.013615818
H2-noise,0.8,41077,3.798758046,1.549077756,2,0.049513927
H2-noise,1.0,41077,4.361003685,1.650980916,2,0.083017263
H2-noise,0.05,41078,1.760825466,0.166060277,0,0.069791766
H2-noise,0.2,41078,3.304176215,0.61923357,4,0.014931312
H2-noise,0.5,41078,3.929446875,1.295314515,4,0.09620502
H2-noise,0.8,41078,4.538124982,1.690039916,2,0.124601568
H2-noise,1.0,41078,5.161149784,1.8,2,0.141819432
H2-noise,0.05,41079,1.863745767,0.159394289,0,0.092321029
H2-noise,0.2,41079,3.632355669,0.59302494,5,0.041714574
H2-noise,0.5,41079,4.312091319,1.267457062,3,0.029541677
H2-noise,0.8,41079,4.941384381,1.643259152,3,0.070969763
H2-noise,1.0,41079,5.503885358,1.718286284,2,0.097610041
H2-noise,0.05,41080,1.60760848,0.163728719,0,0.079681845
H2-noise,0.2,41080,2.931032699,0.587217152,4,0.057334733
H2-noise,0.5,41080,3.611345218,1.203454113,3,0.054230729
H2-noise,0.8,41080,4.481781886,1.547908719,2,0.061934727
H2-noise,1.0,41080,5.097127028,1.633223377,2,0.060859575
H2-noise,0.05,41081,1.67640144,0.137369366,0,0.079091201
H2-noise,0.2,41081,3.473354841,0.539578856,4,0.035909411
H2-noise,0.5,41081,4.228671676,1.173235075,3,0.023306391
H2-noise,0.8,41081,4.740397352,1.501743071,3,0.03723912
H2-noise,1.0,41081,4.997623606,1.607012046,2,0.03312979
H2-noise,0.05,41082,2.149492849,0.172536356,0,0.105346308
H2-noise,0.2,41082,3.936666911,0.596497661,5,0.053601449
H2-noise,0.5,41082,4.360501164,1.189663195,4,0.013139124
H2-noise,0.8,41082,5.003975846,1.477523641,3,0.007837202
H2-noise,1.0,41082,5.362419944,1.673755531,2,0.011149343
H2-noise,0.05,41083,1.730051176,0.168016441,0,0.074103637
H2-noise,0.2,41083,3.170580614,0.616734314,4,0.00916562
H2-noise,0.5,41083,3.75784965,1.26696806,3,0.016591646
H2-noise,0.8,41083,4.377436078,1.609501791,2,0.022126293
H2-noise,1.0,41083,4.857841872,1.683273565,2,0.04913448
H2-noise,0.05,41084,1.774698744,0.154023003,0,0.073916551
H2-noise,0.2,41084,3.484628692,0.597698465,5,0.009400931
H2-noise,0.5,41084,4.018382872,1.248969191,3,0.055965233
H2-noise,0.8,41084,4.238806654,1.588593846,2,0.073108319
H2-noise,1.0,41084,4.644049684,1.654114411,2,0.075348732
H2-noise,0.05,41085,1.693116845,0.151065661,0,0.070667832
H2-noise,0.2,41085,3.059358272,0.525004067,5,0.005122411
H2-noise,0.5,41085,3.783987892,1.061092642,4,0.050783775
H2-noise,0.8,41085,4.45806693,1.304312636,3,0.080151356
H2-noise,1.0,41085,4.833499543,1.572112713,2,0.087394832
H2-noise,0.05,41086,1.583427066,0.14274406,0,0.071393394
H2-noise,0.2,41086,3.115767129,0.551470577,3,0.026224185
H2-noise,0.5,41086,3.761539414,1.190402457,3,0.015280778
H2-noise,0.8,41086,4.444335515,1.561531723,2,0.031299379
H2-noise,1.0,41086,5.224335634,1.649165374,2,0.047065729
H2-noise,0.05,41087,1.86955702,0.154960043,0,0.095012778
H2-noise,0.2,41087,3.493277319,0.553853016,3,0.059211854
H2-noise,0.5,41087,3.942112466,1.168297032,4,0.022135451
H2-noise,0.8,41087,4.304929691,1.522870956,2,0.010114265
H2-noise,1.0,41087,4.847613345,1.610892683,2,0.001651879
H2-noise,0.05,41088,2.037700505,0.180117071,0,0.09509648
H2-noise,0.2,41088,3.68563348,0.631334065,5,0.047794402
H2-noise,0.5,41088,4.080797825,1.278558176,4,0.031342612
H2-noise,0.8,41088,4.644983211,1.637350832,2,0.062193835
H2-noise,1.0,41088,5.273137396,1.722758556,2,0.087783724
H2-noise,0.05,41089,1.850784734,0.152554159,0,0.088654393
H2-noise,0.2,41089,3.591987195,0.574940053,5,0.026098523
H2-noise,0.5,41089,4.118641732,1.208970696,3,0.055067023
H2-noise,0.8,41089,4.517455763,1.541737009,2,0.081760265
H2-noise,1.0,41089,4.951363041,1.60431488,2,0.096671541
H2-noise,0.05,41090,1.629271433,0.140973979,0,0.075275141
H2-noise,0.2,41090,3.344786738,0.557167355,3,0.030895759
H2-noise,0.5,41090,3.943461153,1.203826961,3,0.041712957
H2-noise,0.8,41090,4.507751494,1.548675192,2,0.08406633
H2-noise,1.0,41090,5.188073387,1.615249146,2,0.098419597
H2-noise,0.05,41091,1.540206303,0.127078439,0,0.080550844
H2-noise,0.2,41091,3.080150695,0.482830283,3,0.051100743
H2-noise,0.5,41091,3.637064115,1.056438896,3,0.006761367
H2-noise,0.8,41091,4.026930794,1.379493836,3,0.000468977
H2-noise,1.0,41091,4.30683976,1.461226252,2,0.007339369
H2-noise,0.05,41092,1.598308506,0.131441895,0,0.078958581
H2-noise,0.2,41092,3.201485067,0.508436955,3,0.036776818
H2-noise,0.5,41092,3.863188297,1.118434796,3,0.007672255
H2-noise,0.8,41092,4.396335102,1.494407786,2,0.01069995
H2-noise,1.0,41092,5.044732181,1.60547858,3,0.041264795
H2-noise,0.05,41093,1.65194258,0.148929595,0,0.06300296
H2-noise,0.2,41093,3.115762177,0.567931745,5,0.002442205
H2-noise,0.5,41093,4.119115332,1.173489236,4,0.024767161
H2-noise,0.8,41093,4.52570631,1.463041492,3,0.009034172
H2-noise,1.0,41093,4.787689195,1.67656087,2,0.002709673
H2-noise,0.05,41094,1.730795783,0.154614018,0,0.074273738
H2-noise,0.2,41094,3.173701058,0.561631392,5,0.006719619
H2-noise,0.5,41094,3.779384179,1.171008063,4,0.063921781
H2-noise,0.8,41094,4.363617505,1.511961907,2,0.0933152
H2-noise,1.0,41094,4.604508423,1.587209698,2,0.101090972
H2-noise,0.05,41095,1.906915426,0.163085617,0,0.092489826
H2-noise,0.2,41095,3.714637248,0.594856187,4,0.038392179
H2-noise,0.5,41095,4.231657421,1.19944025,3,0.054554752
H2-noise,0.8,41095,4.702223077,1.516072517,2,0.123655461
H2-noise,1.0,41095,5.370190413,1.636829774,2,0.163731093
H2-noise,0.05,41096,1.437121566,0.131610854,0,0.059126836
H2-noise,0.2,41096,2.751493699,0.502336097,3,0.006855052
H2-noise,0.5,41096,3.625047783,1.084505255,3,0.006187063
H2-noise,0.8,41096,4.011581215,1.398276286,3,0.007919929
H2-noise,1.0,41096,4.337362197,1.515795478,2,0.009696559
H2-noise,0.05,41097,1.892111459,0.161669546,0,0.100908867
H2-noise,0.2,41097,3.562122394,0.586754799,5,0.067376277
H2-noise,0.5,41097,3.86683657,1.198792005,4,0.028718662
H2-noise,0.8,41097,4.381853022,1.507309971,3,0.039713469
H2-noise,1.0,41097,4.680236645,1.696982418,2,0.053514261
H2-noise,0.05,41098,2.058109276,0.171459442,0,0.102726364
H2-noise,0.2,41098,3.733424358,0.593703964,4,0.069121461
H2-noise,0.5,41098,4.032442333,1.188474503,3,0.037710206
H2-noise,0.8,41098,4.403750297,1.513413313,3,0.00373328
H2-noise,1.0,41098,4.824921436,1.586568014,2,0.030868761
H2-noise,0.05,41099,2.010059916,0.167320467,0,0.09518453
H2-noise,0.2,41099,3.721554341,0.610068294,6,0.035855085
H2-noise,0.5,41099,4.320602806,1.2699165,5,8.6025e-05
H2-noise,0.8,41099,4.753367065,1.637761493,2,0.011404248
H2-noise,1.0,41099,5.257831729,1.722948694,2,0.032535561
